mean,std,skewness,kurtosis,min,max,q25,median,q75,annual_return,annual_volatility,sharpe_ratio,jb_statistic,jb_pvalue,is_normal
6.691542087291857e-05,0.005286754315251637,0.22939175315170118,5.2555913646365156,-0.019059082515207833,0.019736271383802784,0.0,0.0,0.0,0.016862686059975478,0.0839246229651204,0.20092656319687865,5315.625497393488,0.0,False
0.00014569376268801844,0.006493534109513272,-0.06223009426267899,5.165417673517684,-0.024426247798587847,0.023000847271722306,0.0,0.0,0.0,0.036714828197380645,0.10308165830212428,0.3561722696560852,5098.792433045725,0.0,False
9.944414709612583e-05,0.01032587236833106,-0.2534081711262582,5.5740869829662145,-0.04143453755074554,0.03638966179185814,0.0,0.0,0.0,0.025059925068223708,0.16391814213838518,0.15288072901086983,5983.429352976573,0.0,False
0.00025118374873728624,0.005206320368362897,0.044977243015974326,5.4084198127964545,-0.019383347993412733,0.019119522258388054,0.0,0.0,0.0,0.06329830468179613,0.08264777364251051,0.7658803364212846,5588.23806688638,0.0,False
0.00020166648428993972,0.005739214754958205,-0.3429388734461741,6.393026618272639,-0.02407132025955042,0.02087656924909529,0.0,0.0,0.0,0.05081995404106481,0.09110720977447148,0.5578038682873232,7896.577308593871,0.0,False
-7.215620176232084e-05,0.005370863995805783,-0.12634671615909618,4.632354792628721,-0.019629298978531447,0.018913305965573703,0.0,0.0,0.0,-0.018183362844104854,0.08525982275071654,-0.21327000523176712,4110.316821646965,0.0,False
4.482322648521761e-05,0.00234391249815165,-0.03408215728874759,4.871904764621142,-0.008664695308486712,0.008360763897937511,0.0,0.0,0.0,0.011295453074274838,0.037208457390032444,0.30357219478012304,4533.9151980852075,0.0,False
-0.000376917670041931,0.037498332176454166,0.7581535295135399,6.5271337301185035,-0.1265412266109342,0.163787821719799,0.0,0.0,0.0,-0.09498325285056661,0.5952675691115348,-0.15956396380258653,8577.576989144276,0.0,False
